ad_spend,website_traffic,email_campaigns,social_media_reach,monthly_sales,high_value_customer
2397.37,8591,9,26044,16224.78,0
1889.39,6593,8,22012,11228.2,0
2518.15,7614,10,39666,14742.75,0
3218.42,9008,4,51249,20092.86,0
1812.68,6136,3,15298,10155.53,0
1812.69,5832,9,37730,11879.94,0
3263.37,10685,7,54671,16492.23,0
2613.95,8477,9,32162,14870.38,0
1624.42,5923,8,8990,11398.16,0
2434.05,6767,7,35062,10139.13,0
1629.27,6205,9,19980,11188.6,0
1627.42,5080,6,25543,9744.85,0
2193.57,8656,10,29272,14576.72,0
500.0,1000,11,5000,5874.32,0
620.07,3596,7,5418,6254.32,0
1550.17,4848,10,20196,12614.23,0
1189.74,2918,6,24183,4705.04,1
2251.4,6270,8,26789,12652.37,0
1273.58,3500,8,35890,8071.01,0
870.16,3035,11,5000,4214.59,0
3172.52,10040,12,60699,20890.19,0
1819.38,4884,3,25047,14056.29,0
2054.02,6138,12,39406,12599.34,0
860.2,4723,14,13701,9312.87,0
1564.49,6421,7,34863,10964.35,0
2088.74,6703,8,27457,10905.86,0
1079.21,3276,9,5202,3131.02,0
2300.56,7022,14,48713,13031.48,0
1519.49,5172,9,21658,6935.54,0
1766.65,4277,5,28715,12570.84,0
1518.63,4299,10,35127,9207.73,0
3481.82,8777,11,41908,17522.38,1
1989.2,6367,12,35793,14360.64,0
1153.83,4109,17,11409,6706.2,0
2658.04,7491,8,38549,13075.08,0
1023.33,4644,13,16073,8681.08,1
2167.09,5276,3,17504,12495.75,0
500.0,1000,17,5000,5703.37,0
937.45,3037,9,27572,7171.17,0
2157.49,7520,7,41224,13440.1,0
2590.77,9456,9,38235,16957.11,1
2137.09,5952,13,34488,13147.72,0
1907.48,6801,7,25670,9713.05,0
1759.12,5239,10,39953,10980.08,0
817.18,2279,7,10254,2973.8,0
1424.12,5156,11,23680,9970.91,0
1631.49,5547,6,35933,9173.51,0
2845.7,6961,12,34912,20259.8,0
2274.89,8301,11,49711,14892.65,0
589.57,3149,12,5000,3084.48,0
2259.27,6152,15,50185,13555.31,0
1691.93,5472,9,21652,11428.88,0
1458.46,4869,5,19450,12027.42,0
2489.34,7729,8,18440,12796.21,0
2824.8,7924,8,37824,12192.9,0
2745.02,7563,6,30777,16062.54,0
1328.63,3960,10,13853,5505.69,0
1752.63,6431,10,24916,10652.09,0
2265.01,7339,18,43553,14589.25,0
2780.44,7971,12,43783,15864.03,0
1616.66,5622,6,27327,11363.86,0
1851.47,2706,6,16817,6662.45,0
1114.93,4494,13,7916,7943.05,0
1043.03,1389,8,33633,5563.21,0
2650.02,7588,14,32398,15742.31,0
3084.99,8135,13,62837,17623.12,0
1942.39,4532,9,26705,11238.09,0
2802.83,9569,4,42065,17791.49,0
2289.31,6400,7,45043,13579.59,0
1483.9,4798,12,34977,10955.05,0
2289.12,6820,16,33229,11079.26,0
3230.43,10168,18,44574,19902.67,1
1971.34,5991,9,29011,12610.25,0
3251.71,8472,7,52155,18458.0,1
500.0,2496,11,16413,3840.57,0
2657.52,7479,11,39905,13756.88,0
2069.64,4652,13,37233,10442.43,0
1760.79,4854,9,42796,11564.14,0
2073.41,7721,7,34914,15176.36,0
500.0,2350,15,10617,4777.59,0
1824.26,5124,10,12175,12219.39,0
2285.69,6508,12,7978,13127.0,0
3182.32,9225,6,51618,17019.83,0
1585.38,6833,11,22833,11113.66,0
1353.21,4442,10,15150,10232.48,0
1598.59,5226,10,26414,10856.59,0
2732.32,9227,4,40381,20171.87,0
2263.0,7028,13,45223,12429.74,0
1576.19,4470,10,24504,10542.39,0
2410.61,7035,9,28690,12520.33,0
2077.66,6161,14,41067,11306.02,0
2774.92,8288,18,39452,17034.62,0
1438.36,5043,11,26841,10091.58,0
1737.87,5266,9,21294,16169.35,0
1686.31,5792,16,18796,11256.69,0
829.19,2407,13,13280,3953.68,0
2236.9,6789,10,33682,13743.36,0
2208.84,4628,7,37931,6884.11,0
2004.09,6929,12,27375,12716.69,0
1812.33,5783,11,8821,11016.09,0
867.7,3601,10,8688,8313.11,0
1663.48,2094,16,32890,10839.12,0
1725.83,7266,11,22914,11228.39,0
1358.18,3935,8,17909,7800.35,0
1870.97,6721,12,37928,11080.63,0
2323.24,5930,9,27729,10200.41,0
3508.95,11140,10,37206,20547.98,0
2139.66,5366,5,30489,8454.21,0
2206.04,5994,9,28249,11396.31,0
1940.44,7735,13,19444,11387.93,0
500.0,1309,9,5746,4861.74,0
1978.79,6154,11,34597,15814.81,0
2048.18,7015,13,30630,10691.58,0
3970.59,12407,11,62629,19048.99,0
1846.11,5689,11,45826,11483.02,0
2241.24,7089,5,30190,12659.23,0
1972.23,8320,7,32367,13721.32,0
1065.06,3138,2,10884,4797.72,0
2914.26,8944,14,35250,16844.47,1
2601.55,8855,17,33174,17536.6,0
2632.83,9004,9,34705,17910.22,0
1272.49,5005,10,22682,5228.37,0
3122.24,10005,8,70324,17678.54,0
878.52,1493,15,6017,6188.3,0
2469.49,9042,13,32876,14178.79,0
3752.36,10111,10,55654,23544.93,0
1207.57,3925,11,22072,6979.82,0
1546.96,3887,8,25840,8610.91,0
2079.72,6175,7,44037,13182.1,0
1597.22,5120,10,5000,8506.82,0
759.47,2600,8,5000,1585.34,0
2054.85,6586,13,25864,12016.27,0
1150.16,5064,10,28225,11050.13,0
2378.87,7590,9,20027,13096.05,1
1264.46,3549,6,5000,5307.66,0
3239.95,10684,10,54311,21084.58,0
1373.4,5310,20,23038,10480.42,0
1742.35,3999,8,15233,8039.77,0
2650.81,8550,7,29907,15413.96,0
1015.31,3747,7,5532,8238.09,0
2181.97,6248,9,33835,17243.72,0
3045.71,10513,8,39423,19667.49,1
714.01,1992,13,15651,7961.32,0
2147.71,6569,9,5000,11062.29,0
2207.91,6451,13,24550,11069.55,0
2625.46,7892,11,28121,15214.3,0
1010.44,1935,12,12593,6340.34,0
943.63,1391,13,8774,3440.22,0
2417.55,8847,17,44242,16205.86,0
2237.59,5866,8,14970,12584.66,0
2200.39,5610,8,33461,12578.82,0
2277.16,4678,13,39741,13188.76,0
1455.98,3729,10,40406,9513.19,0
2185.8,5234,9,27969,10547.33,0
2234.46,8345,13,36761,13919.88,0
1428.52,5295,12,5000,7309.69,0
3492.62,9790,15,28470,22952.26,0
2379.07,9390,8,44134,15568.95,0
1046.96,4123,7,15649,6828.77,0
2525.24,7251,12,49664,13049.52,0
1220.25,1161,17,5000,12501.04,0
2629.67,10180,9,44644,14814.35,0
2926.88,7391,9,62591,14974.17,0
1343.45,2385,14,24349,8685.26,0
2770.7,9335,9,44326,17831.44,0
2330.22,9430,10,35039,17486.55,0
2657.65,9357,6,24156,19128.23,0
3517.43,11116,6,66317,20925.22,1
1803.69,6006,8,20947,8820.76,0
1397.01,5044,7,26000,8584.2,0
1288.39,4624,11,5000,9285.91,0
1347.35,4323,15,8416,13381.74,0
1938.32,5919,12,43426,9454.02,0
2272.92,6756,10,30621,15604.81,0
2221.35,5910,8,47853,12798.35,0
2661.75,7705,11,39144,16926.56,0
2010.4,4338,12,11737,10327.35,0
3162.83,9390,8,56363,16061.58,0
1788.27,4376,12,20925,11691.92,0
4176.14,11425,12,69629,24081.63,1
2500.53,7681,7,37760,16145.85,0
1314.27,5335,12,5000,9426.93,1
1143.29,4348,8,18792,6712.96,0
2385.98,5587,4,57752,9072.36,0
1821.23,4474,5,32248,11166.04,0
2571.2,8654,12,37993,16759.13,0
2378.59,6153,9,46432,11216.18,0
1941.74,5601,9,31233,10232.31,0
1322.57,4518,7,21934,7475.77,0
788.12,1396,8,5000,1421.15,0
1642.79,5034,11,26980,8688.2,0
2685.12,6721,8,50631,12034.83,0
2171.27,5912,11,24209,11467.37,0
1003.41,3330,11,29296,5931.06,0
2138.54,4823,7,31161,7623.69,0
2308.25,7365,12,25746,18022.93,0
1292.91,3859,8,29370,10612.05,0
2122.98,6921,17,28977,12416.09,0
2046.57,6364,7,38294,12568.03,0
1085.62,4621,12,13367,9313.13,0
2286.23,6984,9,33695,15708.78,0
2448.63,6916,11,41665,12500.84,0
2866.44,8722,9,45906,18595.72,0
2843.04,9072,7,22690,14773.54,0
897.86,2742,21,5000,5016.9,0
1249.74,3790,5,28040,8915.28,0
2412.03,6534,15,34859,16786.04,0
2411.03,6570,7,30928,18128.1,0
2412.04,5834,12,22595,10549.35,0
5000.0,16750,11,64203,30231.55,1
2456.71,6126,11,16633,12205.85,0
2908.45,8032,12,42614,17916.09,1
2763.2,7571,7,35464,11783.25,0
2521.11,8458,12,28151,12906.87,0
1747.78,4948,7,25536,8337.15,0
2607.18,9069,8,42747,15986.23,1
1381.74,3472,4,41658,6382.73,0
1810.55,5711,12,12039,12453.76,0
1611.71,4000,12,35769,11798.28,0
2065.5,8342,16,40714,16250.49,0
3851.73,10368,7,49985,23210.66,0
506.19,1828,12,9625,5552.33,1
2549.01,8281,10,33659,12736.54,0
709.83,2543,9,12504,8136.03,0
1622.45,4682,11,39428,9030.05,0
2871.16,8484,8,49123,17968.14,0
2051.42,6198,13,35857,15901.64,1
1137.8,3266,11,12764,8276.29,0
1427.76,5247,12,6576,6706.31,0
2543.68,9842,9,36070,14467.43,0
1415.71,3690,16,33302,12202.49,0
2173.17,5150,13,17326,11510.95,0
2036.46,6021,9,19996,11817.08,0
1478.72,7016,8,23443,12496.01,0
3715.16,10342,16,45881,22271.58,0
2507.14,9161,13,29682,16697.49,0
500.0,3178,11,5000,5124.82,0
2149.16,5894,6,18581,10734.32,0
1470.57,4981,4,12317,10223.13,0
2681.95,9674,13,47263,18446.66,0
1365.98,3719,5,7416,6773.74,0
1908.21,5521,8,12644,12804.48,0
2403.99,6630,10,29760,13151.33,0
2692.6,7063,9,47709,12982.8,0
1039.76,2470,13,13627,5280.02,0
1732.4,3973,17,21340,8528.92,0
1620.04,4894,8,24744,9115.55,0
1477.34,3662,16,5000,11590.42,0
3412.36,10471,5,56133,17170.07,0
2323.99,5416,10,38694,12793.65,0
991.29,3305,7,10776,5074.19,0
2734.29,9036,9,51074,15915.7,0
3697.72,9099,6,44191,15287.6,0
2825.97,8852,7,53669,15828.81,0
784.5,3581,6,13312,5605.04,0
1612.61,3628,12,20824,10231.14,0
3013.53,10713,10,45004,18951.0,0
1433.86,4721,5,20435,6123.07,0
2355.06,6360,7,47529,15144.73,1
2619.71,7803,5,28529,14533.13,0
1258.46,4334,10,11252,8734.91,0
1952.38,5933,7,39649,11452.07,0
500.0,2039,9,5000,3295.49,0
1180.49,2621,11,26713,7667.72,0
1797.95,5563,9,43964,12125.87,1
1001.77,1592,10,11009,2004.1,0
3305.93,9807,12,56403,17960.6,1
855.89,1664,10,5000,4560.83,0
1647.96,4208,14,32267,10744.28,0
2104.59,7550,10,33563,15859.26,0
3153.02,10550,11,52026,17469.87,1
851.31,3163,8,6314,4989.09,0
2930.53,7699,12,27347,14807.63,0
2008.19,5708,9,35155,10037.04,0
1214.79,4857,7,5000,7378.59,0
2369.68,7251,9,32372,15263.86,0
2159.25,8797,13,41801,13114.12,0
1519.83,4953,10,24716,10611.76,0
2055.84,6360,11,50321,9479.88,0
1691.75,4766,7,35627,8682.15,0
2090.81,6406,12,24823,11989.31,0
2529.7,7437,14,38219,18487.67,0
3268.81,10515,8,48558,18205.24,0
1009.75,3986,9,5000,2760.64,0
3706.43,10333,10,46192,15958.77,0
500.0,1000,9,5000,3568.06,0
1878.57,3800,15,7816,11369.91,1
2470.65,7920,9,37535,15364.2,0
2224.79,5571,19,30881,13821.56,0
1501.84,2353,11,5799,9727.2,0
1833.5,5889,9,31545,10196.73,0
1605.6,7310,11,31243,13926.51,0
1528.51,4579,7,25198,5774.76,0
2679.68,8878,9,36955,14080.43,0
2285.61,6939,9,40199,9804.85,0
1445.67,4238,12,28487,8824.74,0
2719.68,9078,12,43869,16646.55,0
2245.84,6447,7,25441,12559.43,0
2650.29,8218,10,42520,15674.51,0
2503.7,7833,10,49510,13160.6,0
1336.8,3342,13,14086,7867.1,0
1551.86,5648,13,44257,8237.98,0
2597.83,7619,6,33711,16890.11,0
2488.3,6709,11,37649,13383.77,0
1983.28,6486,6,23024,10529.99,0
2093.86,5383,11,33641,15041.84,0
3022.13,9095,15,27910,15154.69,0
1526.74,4571,11,17441,7221.39,0
2437.68,8399,10,25644,12633.78,0
1838.25,5989,8,28927,11029.96,0
1825.86,5453,8,37332,11736.58,0
2879.02,9455,7,49645,18283.68,0
2660.33,9371,15,16188,21865.56,0
2650.81,8510,7,60183,11190.0,0
3044.38,9144,12,48619,18915.6,1
2016.8,4739,13,22487,10118.35,0
2545.56,6572,13,39755,13193.43,0
1751.79,4950,12,28039,9460.8,0
2259.33,6168,16,27222,11710.01,0
1895.89,5501,8,30417,14317.66,1
2077.6,6289,7,25089,13461.92,0
2476.13,7958,7,33098,14315.13,0
1345.42,3966,8,13319,10704.58,0
3673.91,11508,13,40782,18131.94,0
1195.19,3650,5,19386,4384.3,0
1028.65,1110,9,21283,1000.0,0
2926.49,7840,7,49046,14220.42,0
2633.33,7756,15,47699,16315.43,0
2499.3,6288,7,40733,13349.17,0
2502.68,8108,4,32213,14286.0,0
1990.2,7501,12,38250,10719.47,0
1282.2,5065,7,5658,10027.24,0
2060.64,5968,9,21903,12193.71,0
1458.27,5866,13,12232,11998.86,0
2780.1,8489,8,52502,12205.92,0
1882.35,5310,7,37663,11380.11,0
1339.6,3405,13,24967,6147.14,0
1742.89,4926,13,36863,10190.8,0
2330.35,6603,11,26162,14350.13,0
1549.02,4817,14,26721,10543.15,0
1342.22,4187,13,18882,7329.91,0
2194.95,6588,12,41393,13398.1,0
2195.97,7025,7,31787,9732.5,0
1594.45,5974,8,20067,12667.18,0
1623.17,5819,13,29757,10847.74,0
2185.64,5072,11,41546,14239.74,0
841.53,1000,9,5940,3319.56,0
874.03,3556,12,12500,6033.04,0
1425.24,2909,16,10794,6977.71,0
1829.24,5263,10,5000,12135.82,0
2248.73,5576,12,35735,11178.51,0
3180.28,7739,8,53793,17706.87,0
2686.13,8600,11,42913,15338.54,0
1872.05,6375,9,8585,7350.14,0
1984.79,5378,14,26263,10748.89,0
1197.98,1003,11,5000,3189.03,0
1985.19,5409,18,43475,12927.74,1
1769.07,5699,10,15676,8414.6,0
2258.17,5296,6,46427,13562.41,0
1338.22,4198,8,29532,8312.43,0
2415.48,7231,11,27226,13662.92,0
3226.19,10258,9,37065,19674.85,0
1912.99,5859,5,32199,12791.11,0
2321.37,5991,12,26377,12883.6,0
2552.12,8853,7,39307,13756.35,0
1679.02,4879,8,20357,6159.59,0
2179.27,6511,15,14878,11832.05,0
2010.07,5097,14,7846,10125.25,0
2078.14,5791,8,33439,11911.16,1
1381.59,3260,5,15108,6423.83,0
2019.61,5886,4,24763,12228.85,0
2398.4,8907,7,42935,13804.25,0
3160.91,8111,8,59148,16659.84,0
2767.42,6689,6,38786,16313.18,0
3722.55,12639,19,52432,23999.71,0
1386.12,3949,8,25793,8220.33,0
2697.86,7424,8,26898,13218.32,0
2146.67,7480,7,34432,11822.79,0
3751.84,10650,7,61796,18484.24,1
1353.36,5886,12,27103,9352.32,0
1328.22,4663,7,5000,9711.96,1
1520.49,4074,6,15194,7820.15,0
500.0,3657,14,5000,3676.3,0
1579.4,4132,5,24690,12034.6,0
1392.69,4920,8,25698,9771.76,0
2120.32,6660,13,46772,10700.53,0
2273.4,8122,11,29151,13530.41,0
3500.94,12064,6,47538,20476.34,0
2760.34,8313,8,52902,19218.49,0
1538.48,3862,5,26043,5990.44,0
1281.27,4304,8,31896,10436.18,0
2393.54,6503,10,38790,16260.93,0
943.81,4845,11,5000,6728.09,0
3465.17,10532,8,38646,18506.44,0
2943.55,8465,15,28638,14881.29,0
1624.66,5059,7,30990,9371.46,0
629.49,1000,12,21328,4527.12,0
3083.1,8278,10,64740,18443.99,0
1908.37,6926,9,37057,14582.83,0
2990.25,8314,9,56482,15110.18,0
724.46,1126,9,5067,1000.0,0
1520.5,5098,6,11243,8962.15,0
2004.19,7198,17,38564,14677.47,1
2037.58,6832,11,34741,13402.97,0
1639.95,5916,10,25674,10192.71,0
2498.28,6738,7,41348,13762.6,0
1145.9,2016,9,20420,9266.78,0
1886.1,7160,6,41130,12929.0,0
2096.24,5966,7,44393,11204.55,0
2411.55,6984,7,41615,12497.85,1
2569.29,9036,13,46997,16202.33,0
1100.29,3857,11,21645,11192.77,0
772.71,2774,9,6979,5273.96,0
3022.14,11231,9,52898,18908.86,0
2265.85,6154,10,20043,11524.09,0
1401.21,5131,13,31557,12387.31,0
3240.92,9780,12,36669,22379.17,1
2092.54,6546,7,34246,13104.47,1
2943.44,10359,13,35700,18475.17,0
2054.01,6670,12,36344,13071.39,0
3648.6,11484,10,54390,16127.95,0
3404.27,11285,5,35117,20481.57,0
1800.83,5038,15,31219,11674.82,0
2777.26,7493,8,35880,15711.47,0
2516.3,6504,10,46556,12502.22,0
3094.91,7318,13,46437,15701.77,0
1228.06,5740,10,22375,8787.92,0
2548.84,6543,13,28657,16173.14,0
2846.74,8319,13,36808,15700.66,1
593.01,1502,8,5000,8149.61,0
1053.39,3468,10,24368,8256.64,0
500.0,2316,3,24274,1486.7,0
1784.47,6214,10,18715,11049.52,0
2574.03,7139,14,49379,13930.53,0
3201.89,9439,7,26332,12743.41,0
2059.28,6460,12,18947,15694.4,0
3302.89,9660,11,39956,19840.62,0
895.92,4295,6,5000,7742.29,0
637.29,2403,13,5000,5896.33,0
1955.56,6602,12,33463,9875.39,0
2307.25,7585,13,32468,13467.97,0
1973.84,7095,12,33402,14762.21,0
500.0,1681,16,14405,3180.47,0
1928.7,4489,4,31587,4581.38,0
956.42,3269,13,20924,6920.5,0
2535.74,6956,13,37341,14317.33,0
2293.28,6351,8,22529,12735.88,0
1248.1,4331,16,29300,11027.79,0
1588.91,6005,11,17942,12060.33,1
1152.63,3479,8,7933,7541.11,0
1949.86,6158,12,27469,14541.8,0
2764.11,9995,12,32334,14314.66,0
1211.42,3875,8,13997,8617.66,0
2403.24,9811,9,39489,17250.07,1
1575.79,5293,8,27120,7437.08,0
1365.7,2336,16,11507,4907.73,0
1914.38,6496,9,23839,10318.0,0
1171.81,3897,4,28320,5890.1,0
1557.08,5961,6,28320,11634.74,0
1041.7,3798,9,36376,6491.31,0
3571.78,10577,7,65378,18035.82,1
2028.21,4860,13,41866,10522.85,0
1440.22,4112,13,7725,11231.61,0
2171.18,5663,12,40206,12588.6,0
1910.14,5150,9,28121,10449.17,0
1823.22,6058,8,21839,10821.42,0
2491.33,9144,8,39050,18108.58,0
2606.01,8213,7,48542,13607.67,0
1575.6,3531,9,28642,11317.59,0
1539.35,5063,6,14305,9505.58,0
1779.96,6537,10,34124,11540.74,0
500.0,1000,10,5000,8651.8,0
787.85,2230,11,13985,3571.65,0
3093.5,9295,6,43369,16229.91,0
3315.97,9163,10,47551,15606.51,0
1800.77,6051,8,34674,13140.81,0
2461.25,7263,13,26517,17822.06,1
2249.0,7167,9,53187,17109.31,0
4463.1,12502,13,48736,26531.83,1
2895.66,8250,11,37458,15842.69,0
1897.67,6415,7,32167,10839.33,0
1235.57,3334,11,24377,4551.21,0
714.84,3871,10,9718,10650.41,0
2162.77,6089,6,31868,12753.18,0
1394.92,4409,9,25029,7881.52,0
862.2,3519,3,10622,8289.4,0
1482.74,3030,12,36173,6708.67,0
1134.76,1643,7,25415,6523.23,0
3349.71,8523,7,58974,17077.29,0
2705.31,9379,9,30918,17511.81,0
1993.62,5429,13,29110,11732.32,0
3183.96,12110,8,44755,16841.18,0
2061.89,5621,13,20872,12170.49,0
1310.97,4117,7,23266,10184.46,0
3218.5,11198,10,42901,19303.92,0
2431.13,9299,14,43021,18028.05,0
1170.2,5572,9,6851,6779.16,0
1847.73,6752,13,44906,12816.17,0
1299.51,4923,10,10529,7648.39,0
893.76,3274,16,15599,9059.4,1
2740.94,9001,16,49033,17496.94,0
3527.53,10031,10,47207,20668.24,0
881.15,1825,10,21742,7773.31,0
2450.38,7348,6,24464,14776.65,1
1479.49,4268,19,36713,11243.84,0
1610.3,4378,12,24296,7817.38,0
1526.08,5275,9,16927,9717.9,0
1308.81,4882,12,16640,8244.03,0
2038.82,6205,8,38671,11346.23,0
1335.24,5483,9,14184,8609.31,0
2216.37,5507,13,25752,10452.03,0
1959.81,5686,9,27182,7427.1,0
1808.84,4710,5,15363,8010.84,0
1273.95,1955,9,37315,7232.17,0
1538.58,4533,11,17415,6774.85,0
2604.31,7691,9,47381,14992.72,0
2400.73,8716,10,38106,19037.01,0
1217.96,4285,10,8424,10187.23,0
2079.47,5214,18,31132,15979.77,1
2601.11,9657,15,46857,18198.1,0
664.48,3214,11,8085,8379.47,0
2434.69,7886,13,48451,13866.75,0
1469.9,4183,12,32264,8177.92,0
2456.48,6410,10,46036,8211.64,0
1389.39,3796,9,16244,10557.44,0
556.09,2757,15,5000,9026.51,0
697.97,3978,14,5000,6021.35,0
2038.47,7659,10,32539,12865.97,0
2207.78,6134,11,38575,11340.8,0
1276.55,2710,19,5000,9074.69,0
2510.87,7674,12,37582,17217.5,0
670.78,1000,17,11643,1774.27,0
1947.14,6165,13,26432,13097.01,0
1031.19,2946,11,28381,6599.0,0
1478.53,3970,12,26396,9426.68,0
2037.92,4519,16,43671,12901.44,0
1311.67,4449,11,17515,8461.96,0
1692.36,4544,8,34760,9554.41,0
2805.03,7245,9,58426,14899.51,0
1538.49,1743,6,36194,8805.29,0
2668.55,7978,5,29107,15223.56,0
1096.23,5061,5,13907,8258.65,0
2423.84,8933,12,32906,13122.06,0
3153.25,9003,6,52191,16271.94,0
500.0,1000,20,14364,7134.61,0
1362.48,4556,16,12048,9767.55,0
2461.66,6387,3,37603,13784.54,0
1837.56,5814,11,7364,14575.8,0
2296.92,7657,8,48873,16122.43,0
1516.81,5777,11,17628,10602.81,0
2069.27,6108,8,31598,10869.28,0
1875.46,5423,8,25035,5620.41,0
2934.23,7925,9,55474,15798.02,0
2203.54,5784,7,5000,10633.8,0
2270.08,6584,5,33885,13150.65,0
1670.5,5379,8,23999,9851.51,0
1609.92,5743,5,19612,9120.93,0
1653.95,4159,13,42072,6694.46,0
2315.56,8439,10,25860,12677.67,0
1663.21,4719,8,32666,10739.47,0
2231.82,6674,10,37040,16591.44,0
3660.32,10234,11,67520,20143.15,0
2696.9,5666,13,33782,14556.67,0
1739.18,6102,6,18758,12409.34,0
2960.97,9620,9,55375,15933.95,1
1673.54,4739,12,29356,11096.04,0
500.0,1567,12,5000,2922.61,0
1193.53,4097,11,12510,9890.9,1
503.37,1000,8,11414,3789.51,0
1718.79,4627,9,34159,10628.92,0
2014.73,6838,9,23429,10760.99,0
3341.15,8769,12,20975,19001.76,1
2261.54,7078,12,39155,18068.93,0
1824.72,4118,12,15168,7943.39,1
2663.52,8457,14,19779,15240.49,0
500.0,1464,10,5000,4484.7,0
2188.49,4950,9,40967,13173.66,0
2616.69,9015,8,40537,14645.22,0
817.13,1717,14,10000,1000.0,0
2915.0,7935,16,57615,19906.0,0
2270.8,7013,13,40435,15567.08,0
1667.77,6152,13,41180,8378.68,0
2506.23,6503,13,23666,12676.03,0
3816.55,11511,8,56903,24224.88,0
2145.49,6865,13,16015,16021.87,0
2198.58,7289,14,30685,15918.49,0
1632.51,5074,8,22002,9428.26,0
1320.12,3593,11,26068,8512.32,0
2664.27,7165,12,40420,14739.39,0
1315.13,4032,9,25961,10638.77,0
2057.25,5100,13,37893,10179.01,0
1617.87,1932,12,45817,6695.25,0
2383.18,7586,11,32595,16349.29,0
2266.93,7705,7,24594,13284.25,0
2830.03,6127,6,44911,16531.97,0
1591.99,3766,14,15857,8067.07,0
1784.1,5971,12,41581,11759.48,0
1216.99,5708,8,15423,7272.87,1
1644.57,4954,7,19013,9519.99,0
2301.84,6178,11,29814,9985.81,0
2605.59,7634,10,46268,14071.17,0
1262.27,5162,8,17357,5959.64,0
2695.68,7441,18,34019,17460.3,0
3084.51,8454,15,62921,19416.35,0
2330.75,6510,11,26400,9751.93,0
3501.44,9551,4,52877,20719.69,0
1380.97,4266,11,27238,14054.46,1
1004.28,4638,15,5000,8662.71,0
577.02,2054,6,13458,2972.81,0
3196.84,9338,8,37401,23059.3,0
2523.49,7279,13,46080,12365.33,0
1955.53,4303,8,19706,9965.9,0
2223.97,7555,8,40287,13968.96,0
1099.61,3221,12,27552,10367.16,0
3956.6,11689,11,67963,22971.71,0
2103.38,9503,12,34064,14345.04,0
2087.52,6561,12,29000,10945.46,0
2580.61,6990,8,32945,13218.83,0
2384.81,6728,15,50482,12590.26,0
2179.11,7686,5,25692,12955.87,0
1367.62,4216,12,10144,7666.44,0
2377.17,5693,5,42311,9105.68,0
3505.62,11436,12,44623,23115.67,0
3076.34,8561,7,36644,15327.07,0
3274.55,11697,10,34682,17201.3,0
1591.03,5853,10,19036,10204.28,0
1208.32,3178,10,17298,7545.59,0
1899.37,6979,11,30921,9107.22,0
2044.58,6202,7,40182,12589.66,0
2875.35,9479,8,48399,14845.12,0
646.03,2423,9,7782,8481.02,0
3223.64,8825,11,46373,18744.13,0
1873.59,4977,8,33205,9730.08,0
1658.5,6005,9,37603,9562.32,0
1190.32,3236,12,19118,7537.15,0
676.11,1625,6,5450,5224.63,0
2658.54,7020,6,29949,13710.73,0
2058.65,6600,12,16428,12120.52,0
968.03,4967,10,21183,8433.78,0
963.94,1824,11,20239,4716.32,0
1731.37,5218,9,31744,9801.57,0
3335.22,11418,14,48742,16375.59,0
1792.33,5297,5,40954,12235.23,0
797.49,2845,11,7121,6659.59,0
1803.41,4348,5,36604,7921.94,0
1781.82,5774,5,26340,14147.84,0
500.0,1313,10,5000,4074.32,0
1956.56,6855,11,35274,10658.94,0
1815.25,6633,12,31325,13984.62,0
2556.97,10260,8,41924,17435.36,0
3479.16,11017,11,53000,21010.78,1
2901.25,9030,9,43140,15838.06,0
1784.89,5549,10,50657,12315.6,1
1114.78,2991,12,28564,7027.65,0
4058.69,12515,9,68109,23982.41,0
2047.37,5847,12,31829,8422.5,0
2011.14,6202,12,40239,11726.4,0
1980.7,7260,13,34890,16851.63,0
2158.47,5469,7,32639,9939.9,0
1884.51,6793,9,25232,10792.97,0
1541.07,5940,8,22307,9355.15,1
1562.51,4569,6,5000,6132.25,0
1973.8,3800,8,31713,5391.82,0
1565.26,4088,9,18594,8444.23,0
1429.72,5586,12,37373,10862.41,0
2085.14,6233,11,31471,12373.31,0
1796.02,4389,6,15051,8912.3,0
3203.19,9105,11,47549,17978.9,0
500.0,2341,9,5000,6618.18,0
2873.21,9166,6,47832,15991.84,0
2996.87,8752,7,47862,15352.59,0
500.0,1133,10,17078,3435.86,0
1725.85,4786,14,17979,11761.53,0
1702.85,4186,8,25883,12147.73,0
873.99,4237,10,5000,5918.57,0
1377.75,3811,9,27681,8594.59,0
1111.54,4552,6,21862,8434.22,0
3401.82,11727,9,55985,18370.5,0
2748.54,9244,13,41244,17082.23,0
3017.24,8620,13,49406,14445.98,0
2577.34,8136,10,54703,12007.91,0
1096.76,3266,13,13600,8310.26,0
1580.38,3837,6,25092,7655.01,0
2391.5,7499,19,25011,15732.62,0
1022.3,1888,12,6652,5963.27,0
2570.4,8899,9,39534,13732.98,0
1807.74,4959,12,38155,10958.83,0
1700.14,5302,5,22939,7234.21,0
2568.77,7990,8,36172,17518.99,0
2355.41,6807,9,31262,10597.69,0
1711.23,5720,9,20321,10219.21,0
2927.46,8307,9,46862,14167.34,0
1135.15,4277,9,5000,8850.11,0
2492.75,6132,11,50201,13128.83,0
2474.48,7550,13,30463,13747.99,0
1752.36,7196,13,33504,14464.21,0
2260.91,5782,13,21214,12711.31,0
999.11,2320,10,21675,7320.23,0
2739.22,8732,7,47808,13876.82,0
1852.08,5736,11,31623,8691.68,0
1581.82,5096,4,13783,9121.51,0
2839.21,9007,13,45084,16517.45,0
1436.53,4944,7,9717,10043.97,1
873.23,3729,4,10571,5818.19,0
754.7,2674,6,21615,5768.31,0
2484.81,7213,7,45239,10690.57,0
975.66,3600,3,14787,9841.38,0
3403.84,12111,10,41309,20196.4,0
500.0,1367,9,13956,5368.18,0
3357.17,9097,6,50551,15909.33,0
2168.81,7614,4,9329,12915.45,0
1922.63,5648,11,36666,9102.2,0
1564.06,2520,14,23219,9394.29,0
2319.31,7805,18,46814,14966.89,0
1969.89,5374,5,18596,10404.5,0
2882.64,8557,7,11473,16727.92,1
2091.38,6606,11,34162,10381.51,0
2120.24,6551,8,34719,11066.98,0
1709.11,5837,6,8730,10931.45,0
1954.44,5428,6,19532,14715.46,0
2246.24,7252,7,61246,13415.82,0
631.87,1636,17,6422,6749.21,0
921.45,3503,9,21131,6664.85,0
2594.61,8399,4,32413,18338.63,0
2136.69,5475,12,11147,8249.95,0
1852.81,6644,9,26090,12008.61,0
2014.75,5508,9,27565,8093.71,0
2278.07,7642,8,30172,8599.27,1
1568.19,5072,11,22376,10670.43,0
1377.36,5970,8,23303,10164.65,0
2156.68,6247,7,30849,11486.25,0
1217.3,3303,12,5619,7385.33,0
2326.6,6960,4,39761,18976.63,1
637.93,1611,8,5000,3666.98,0
2823.32,9270,7,21846,16981.42,0
2378.08,5518,7,43063,10972.06,0
2204.82,5561,8,38143,12514.01,0
2786.15,7291,9,41218,14495.81,0
3332.38,10947,14,36031,19088.49,0
2811.5,10145,12,35093,21284.49,0
527.3,1477,9,5282,6310.22,0
976.34,2760,9,5000,6372.49,0
1500.15,4570,12,15112,4900.57,0
2020.87,7224,6,36836,11746.49,1
2414.13,6315,7,50485,18553.1,0
1419.4,4497,12,17097,8826.39,0
2149.41,7423,9,39806,15664.84,0
1395.69,4688,11,5000,11873.66,0
1510.79,4722,6,29256,9477.57,0
874.67,3625,10,5081,5004.69,0
1261.41,1081,7,21995,1000.0,0
918.65,3434,13,11302,8588.07,0
1219.3,3004,7,31494,5501.68,0
2842.91,6698,11,33899,15146.06,0
1240.48,4233,12,24883,6285.34,0
4105.91,13691,10,58794,23363.26,0
2394.65,7047,8,34337,13578.02,0
2147.87,7396,11,30379,14081.63,0
1313.31,5552,8,11243,6920.28,0
2560.25,8996,10,38263,18256.22,0
1539.49,6258,12,22466,9911.0,0
2097.61,7035,6,33877,9100.57,0
4048.07,12220,5,61566,21659.15,0
1923.15,4167,10,36827,10447.17,0
2919.42,8512,10,53026,16990.01,0
1437.46,3469,7,11056,10364.33,0
1972.01,8087,14,38268,13792.06,0
3416.64,10074,13,39386,19099.32,0
1498.43,4618,11,28355,7451.58,0
3449.96,10901,8,57947,21346.03,0
2566.2,7742,7,19380,14415.48,1
1550.03,6345,10,24180,10094.72,0
2505.93,6895,9,32904,9979.65,0
2778.04,8529,5,34083,18088.58,0
2497.45,6750,6,50970,11107.56,1
743.82,1000,7,5000,2626.99,0
1418.29,3643,9,13211,8791.11,0
1801.99,5369,16,27787,9362.72,0
1940.45,5392,10,35963,8397.01,0
2496.54,6797,12,36032,9951.83,0
2142.16,5020,12,43796,13489.45,1
931.72,2712,14,19286,5894.31,0
2304.16,5408,7,12780,17246.74,0
2488.47,8225,10,32032,12953.48,0
2447.83,7426,7,31099,11889.41,0
2864.62,7136,13,47763,14645.09,0
2667.14,7692,9,13759,14933.05,0
2367.34,6350,16,61000,13677.86,0
1943.87,6151,9,34468,13044.32,0
671.23,3354,12,11557,4435.36,0
2343.69,5156,11,46971,9810.2,0
2166.15,6613,10,55929,9728.3,0
2217.26,6492,9,41966,8478.66,0
978.6,3607,12,24167,6579.42,0
1135.15,3619,9,18334,6847.54,0
2842.52,7776,7,41223,13938.36,1
1968.36,5586,15,24767,14621.86,0
2545.2,6840,14,29917,16989.06,0
2022.65,7144,17,23470,13121.6,1
2023.8,6093,8,16852,7882.88,0
2750.63,10153,10,40501,16175.63,0
1587.16,4701,7,6961,7718.15,0
2076.9,5522,8,33063,10157.05,0
1630.18,3377,6,24089,6763.26,0
1652.4,3154,8,26255,7072.45,0
1752.66,3674,11,21069,8619.03,0
2177.71,6800,6,63434,11782.07,0
1617.0,5360,8,37856,10704.05,0
3004.6,7433,17,32624,17380.82,0
1284.31,4748,14,21593,7719.75,0
1850.5,5068,12,21677,13456.69,0
1648.22,5091,12,14578,8325.13,1
3157.58,11085,14,33963,16305.59,1
2157.24,7369,10,36681,14283.14,0
2825.48,8208,9,35568,14056.56,0
811.55,1543,14,21852,6443.26,0
2213.64,4489,7,43142,6230.9,0
2711.7,7416,10,54415,18085.24,0
2065.83,5986,10,22464,13247.51,0
2852.38,7570,12,47539,12936.77,1
1586.17,4627,9,30117,6662.01,0
3127.48,9459,12,42170,21374.06,1
3839.12,11292,9,49869,19504.42,0
1709.73,4479,12,41741,8824.12,0
1643.6,5099,8,26929,5395.03,0
3162.71,9930,16,53800,18625.27,0
3263.66,8701,13,40734,17428.85,0
1581.71,6156,6,11533,11440.78,0
1663.85,4893,9,19263,7011.11,0
1774.57,5343,8,25378,7377.48,0
924.44,3482,9,5000,7448.25,0
1265.08,4028,10,18878,10276.47,0
1196.69,4543,7,5000,4633.97,0
1385.76,4444,12,9586,11174.68,0
1972.25,5304,9,36293,11325.03,0
2187.37,6924,13,38848,15917.9,0
3240.4,8577,13,44687,17666.29,0
1201.32,3713,9,7842,2435.59,0
2787.46,8329,7,31538,15008.78,0
1828.81,5278,10,23699,12888.95,0
1960.43,5753,9,35852,9782.81,0
2539.86,5738,8,47380,12311.49,0
1101.82,2757,7,11562,5888.92,0
2305.93,7011,7,23054,7085.37,0
2133.16,6559,12,34676,16416.59,0
2393.96,6154,6,27674,10559.0,0
2231.33,7960,9,28287,14873.33,1
3964.24,11027,10,72716,21512.76,0
1489.81,5439,9,30618,12553.23,0
1575.2,5153,12,25208,11176.52,0
1501.49,3858,7,9803,7616.52,0
1555.62,6442,7,25448,8814.71,0
1490.09,3277,9,32978,9951.79,0
2951.21,9773,8,40512,13459.62,0
3136.4,10410,12,60557,20471.77,0
1543.4,3960,13,36078,7499.66,0
1334.12,5395,14,36649,12988.69,0
2377.13,6881,12,38709,14344.7,0
1558.22,4963,8,29247,10939.43,0
2506.35,7779,7,51737,14738.07,0
2162.34,6353,4,36909,8321.44,0
787.4,3173,10,6799,4421.45,0
3238.0,10508,9,44085,20077.48,1
3436.7,8562,10,53936,18353.05,0
1509.77,5834,4,9741,11598.14,0
1689.84,3407,8,23915,9435.07,0
2228.69,7719,6,44396,11601.14,0
2267.57,7929,6,12101,11562.33,0
2526.84,6490,15,53247,15029.5,0
3608.16,10414,13,65346,15980.19,0
1858.44,4470,15,23279,14284.27,0
1361.36,3869,8,25854,9099.32,0
896.54,2382,9,13480,8220.3,0
1415.26,5025,10,33529,6567.85,0
1973.5,7231,12,39429,15796.11,0
3435.65,11703,8,37534,24364.89,1
1585.91,4196,11,29661,6922.7,0
2179.03,6328,10,30629,14165.26,1
1986.86,4277,9,30631,10353.72,0
2950.71,8046,8,36979,12664.52,0
4021.55,13029,6,77805,23919.32,0
1575.3,6341,17,34030,13909.27,0
1608.45,3591,13,16729,7976.25,0
2835.33,7914,13,29184,18284.65,1
2545.51,7610,11,34326,11454.88,0
3477.37,10712,11,56506,17053.82,0
2467.14,6592,4,39409,13102.69,0
1712.57,5562,8,38220,10745.99,0
2472.52,6944,9,44987,12552.89,0
2886.96,8646,11,53000,18463.75,0
2656.39,8515,9,43114,16727.39,1
2405.82,7224,7,22194,15003.82,0
2853.34,8124,8,40843,15402.85,0
2935.44,8697,11,54632,18243.76,0
3105.73,9229,9,46071,16527.49,0
2518.97,7187,7,42815,18060.88,0
1866.31,5340,13,24807,9758.91,0
2117.37,7951,8,21462,17493.88,0
2965.21,9457,8,43245,17112.92,1
1346.45,3744,11,23287,5725.95,0
2294.94,7582,9,27867,16446.27,0
1685.33,4722,6,22923,9601.32,0
2023.0,7242,6,20950,13872.43,0
3022.76,9438,16,56534,21085.63,1
2152.88,6351,19,29349,14576.15,0
2037.15,6559,12,45085,11857.42,0
912.12,1165,14,28969,7843.47,0
2597.0,6664,10,38145,14088.3,0
2516.39,6355,8,27661,14500.1,0
3730.6,11335,13,35100,16738.85,1
1753.78,6994,17,11586,13655.21,0
2175.32,8757,3,18891,11994.77,0
2199.51,7237,10,46777,17030.19,0
3261.96,10287,9,50088,19982.22,0
1923.76,3970,18,32752,11820.36,0
2223.22,6127,10,11144,13155.13,0
2486.32,6671,15,25315,12312.15,0
2149.29,5827,8,41110,15303.55,0
1642.85,4760,14,27511,14548.42,0
2155.27,5994,11,30857,13236.13,0
2858.91,6597,9,48532,17926.64,0
1178.79,4284,9,34040,7266.89,0
2106.38,5246,9,29385,9806.52,0
1439.9,4559,9,22292,9124.62,0
2956.04,10942,7,46267,18989.06,0
781.45,1425,10,35643,4518.48,0
1552.86,2128,8,5000,7960.33,0
2301.77,6619,10,41359,13989.82,1
3252.42,10858,17,47638,18323.77,1
1947.4,7801,10,34879,14344.1,0
1555.84,3438,10,16764,10202.31,0
3504.93,11011,7,52084,20006.12,1
841.59,2059,6,19738,7351.59,0
500.0,1394,10,38629,2203.02,0
2352.01,9700,12,43361,17243.44,0
1598.36,3292,12,15495,6398.9,0
1183.01,3803,8,13508,5241.75,1
2566.69,8168,5,33966,13118.37,0
2195.04,7671,13,14969,11989.59,0
1548.74,4744,9,19930,8319.81,0
975.76,3235,14,21965,7138.64,0
2697.97,7702,14,27727,17235.57,0
2520.16,7830,7,48287,13937.52,0
1920.66,5419,10,33688,8139.18,0
3477.31,11054,7,44817,21762.56,0
1143.93,3062,12,15744,5750.27,0
779.58,2716,17,27677,7107.72,0
1446.47,4310,16,29033,10938.03,0
1963.53,7017,7,29541,12562.18,0
2194.67,6533,12,30543,15312.0,0
1807.01,3648,8,27871,10151.36,0
2281.64,8107,11,29107,12699.12,0
998.77,2091,6,5000,9526.5,0
3155.01,8811,13,67747,18630.15,0
1934.28,5207,7,30567,10368.11,0
2893.84,10056,11,47389,19804.98,0
2274.18,4687,10,33534,12104.52,0
2365.4,10234,8,28130,16661.73,0
2455.81,8423,7,34978,19612.26,0
2358.17,7298,7,19379,12620.94,0
2514.18,7488,9,60484,14199.71,0
3063.32,9476,9,33605,17493.97,0
2157.22,6993,10,22039,15071.06,0
2567.2,8347,10,34105,12264.51,0
1928.21,6340,12,41804,8597.69,0
3152.09,9546,10,47426,16791.22,0
1458.89,4179,15,9522,6163.26,0
3440.75,10171,10,64155,18672.1,0
1967.87,5709,10,36828,12728.22,0
855.38,3700,11,18215,5331.18,0
2102.48,6901,10,38695,10197.25,0
1455.16,1425,4,45771,6432.06,0
2672.51,8673,14,61939,18683.9,0
1477.9,4628,7,15301,5363.58,0
1643.05,4910,13,40885,12444.15,0
500.0,1111,11,11332,5650.43,0
1638.15,6039,2,29563,11725.69,0
500.0,2448,14,5000,7844.98,0
732.88,1426,3,9289,8012.61,0
2608.33,8232,14,30997,15114.22,0
2628.64,6914,9,47710,14626.36,0
2340.37,5641,9,45816,11797.55,0
1226.42,3053,11,5000,7262.03,0
1961.83,6748,8,29207,15152.78,0
1997.12,6944,9,41175,10031.86,0
1073.31,3733,11,14233,5882.24,0
3202.72,10333,8,55331,21334.39,1
2701.89,8622,10,44040,18073.08,0
1823.23,4828,13,30765,10259.67,0
2021.51,6496,15,27609,14761.92,0
2166.71,7301,10,20335,13846.32,0
500.0,2254,8,5000,7353.98,0
1802.26,6596,11,34127,12263.76,0
1454.41,5072,5,22011,10934.74,0
1198.7,3948,18,16595,14470.74,0
1775.12,6396,11,22388,12848.16,0
3438.15,10288,11,48520,19544.78,0
2512.67,6656,11,48159,15664.68,0
1543.06,4466,9,19793,8445.83,0
2458.07,6629,11,23460,18343.74,0
